Id,Sehir,BolgeId,Bolge,N,P,K,pH,Sicaklik,Nem,YagmurOrani,Urun
1,Adana,1,Akdeniz Bolgesi,450.0,20.0,280.0,7.8,27,60,900,Pamuk
1,Adana,1,Akdeniz Bolgesi,450.0,20.0,280.0,7.8,25,70,1100,Narenciye
1,Adana,1,Akdeniz Bolgesi,450.0,20.0,280.0,7.8,14,50,600,Bugday
1,Adana,1,Akdeniz Bolgesi,450.0,20.0,280.0,7.8,25,60,800,Misir
1,Adana,1,Akdeniz Bolgesi,450.0,20.0,280.0,7.8,27,60,600,Karpuz
2,Adiyaman,4,Guneydogu Anadolu Bolgesi,1150.0,15.0,300.0,7.7,24,73,650,Tutun
2,Adiyaman,4,Guneydogu Anadolu Bolgesi,1150.0,15.0,300.0,7.7,14,50,600,Bugday
2,Adiyaman,4,Guneydogu Anadolu Bolgesi,1150.0,15.0,300.0,7.7,20,55,450,Mercimek
2,Adiyaman,4,Guneydogu Anadolu Bolgesi,1150.0,15.0,300.0,7.7,25,60,600,Uzum
3,Afyonkarahisar,3,Ege Bolgesi,1100.0,6.0,220.0,7.6,20,60,600,Hashas
3,Afyonkarahisar,3,Ege Bolgesi,1100.0,6.0,220.0,7.6,14,50,600,Bugday
3,Afyonkarahisar,3,Ege Bolgesi,1100.0,6.0,220.0,7.6,15,50,400,Arpa
3,Afyonkarahisar,3,Ege Bolgesi,1100.0,6.0,220.0,7.6,20,70,750,Pancar
3,Afyonkarahisar,3,Ege Bolgesi,1100.0,6.0,220.0,7.6,17,70,650,Patates
4,Agri,2,Dogu Anadolu Bolgesi,750.0,12.0,140.0,7.5,14,50,600,Bugday
4,Agri,2,Dogu Anadolu Bolgesi,750.0,12.0,140.0,7.5,15,50,400,Arpa
4,Agri,2,Dogu Anadolu Bolgesi,750.0,12.0,140.0,7.5,20,60,600,Yonca
4,Agri,2,Dogu Anadolu Bolgesi,750.0,12.0,140.0,7.5,17,70,650,Patates
4,Agri,2,Dogu Anadolu Bolgesi,750.0,12.0,140.0,7.5,20,70,750,Pancar
5,Amasya,6,Karadeniz Bolgesi,1000.0,8.0,175.0,6.0,20,65,700,Elma
5,Amasya,6,Karadeniz Bolgesi,1000.0,8.0,175.0,6.0,20,70,750,Pancar
5,Amasya,6,Karadeniz Bolgesi,1000.0,8.0,175.0,6.0,14,50,600,Bugday
5,Amasya,6,Karadeniz Bolgesi,1000.0,8.0,175.0,6.0,24,60,500,Aycicegi
5,Amasya,6,Karadeniz Bolgesi,1000.0,8.0,175.0,6.0,20,55,700,Kiraz
6,Ankara,5,Ic Anadolu Bolgesi,900.0,9.0,225.0,8.0,14,50,600,Bugday
6,Ankara,5,Ic Anadolu Bolgesi,900.0,9.0,225.0,8.0,15,50,400,Arpa
6,Ankara,5,Ic Anadolu Bolgesi,900.0,9.0,225.0,8.0,20,70,750,Pancar
6,Ankara,5,Ic Anadolu Bolgesi,900.0,9.0,225.0,8.0,24,60,500,Aycicegi
6,Ankara,5,Ic Anadolu Bolgesi,900.0,9.0,225.0,8.0,17,70,650,Patates
7,Antalya,1,Akdeniz Bolgesi,450.0,20.0,280.0,7.8,25,70,1100,Narenciye
7,Antalya,1,Akdeniz Bolgesi,450.0,20.0,280.0,7.8,25,65,900,Domates
7,Antalya,1,Akdeniz Bolgesi,450.0,20.0,280.0,7.8,27,75,1750,Muz
7,Antalya,1,Akdeniz Bolgesi,450.0,20.0,280.0,7.8,24,70,900,Salatalik
7,Antalya,1,Akdeniz Bolgesi,450.0,20.0,280.0,7.8,20,65,1000,Cilek
8,Artvin,6,Karadeniz Bolgesi,1000.0,8.0,175.0,6.0,22,80,2000,Cay
8,Artvin,6,Karadeniz Bolgesi,1000.0,8.0,175.0,6.0,16,70,1250,Findik
8,Artvin,6,Karadeniz Bolgesi,1000.0,8.0,175.0,6.0,25,60,800,Misir
8,Artvin,6,Karadeniz Bolgesi,1000.0,8.0,175.0,6.0,20,65,700,Elma
8,Artvin,6,Karadeniz Bolgesi,1000.0,8.0,175.0,6.0,22,80,1750,Kivi
9,Aydin,3,Ege Bolgesi,1100.0,6.0,220.0,7.6,22,65,600,Zeytin
9,Aydin,3,Ege Bolgesi,1100.0,6.0,220.0,7.6,27,60,900,Pamuk
9,Aydin,3,Ege Bolgesi,1100.0,6.0,220.0,7.6,25,60,600,Uzum
9,Aydin,3,Ege Bolgesi,1100.0,6.0,220.0,7.6,27,60,550,Incir
9,Aydin,3,Ege Bolgesi,1100.0,6.0,220.0,7.6,22,70,1250,Limon
10,Balikesir,7,Marmara Bolgesi,750.0,14.0,250.0,7.0,24,60,500,Aycicegi
10,Balikesir,7,Marmara Bolgesi,750.0,14.0,250.0,7.0,22,65,600,Zeytin
10,Balikesir,7,Marmara Bolgesi,750.0,14.0,250.0,7.0,27,60,900,Pamuk
10,Balikesir,7,Marmara Bolgesi,750.0,14.0,250.0,7.0,25,60,600,Uzum
10,Balikesir,7,Marmara Bolgesi,750.0,14.0,250.0,7.0,25,65,900,Domates
11,Bilecik,7,Marmara Bolgesi,750.0,14.0,250.0,7.0,14,50,600,Bugday
11,Bilecik,7,Marmara Bolgesi,750.0,14.0,250.0,7.0,24,60,500,Aycicegi
11,Bilecik,7,Marmara Bolgesi,750.0,14.0,250.0,7.0,20,70,750,Pancar
11,Bilecik,7,Marmara Bolgesi,750.0,14.0,250.0,7.0,20,65,700,Elma
11,Bilecik,7,Marmara Bolgesi,750.0,14.0,250.0,7.0,25,65,700,Fasulye
12,Bingol,2,Dogu Anadolu Bolgesi,750.0,12.0,140.0,7.5,14,50,600,Bugday
12,Bingol,2,Dogu Anadolu Bolgesi,750.0,12.0,140.0,7.5,15,50,400,Arpa
12,Bingol,2,Dogu Anadolu Bolgesi,750.0,12.0,140.0,7.5,25,65,700,Fasulye
12,Bingol,2,Dogu Anadolu Bolgesi,750.0,12.0,140.0,7.5,20,65,700,Elma
12,Bingol,2,Dogu Anadolu Bolgesi,750.0,12.0,140.0,7.5,17,70,650,Patates
13,Bitlis,2,Dogu Anadolu Bolgesi,750.0,12.0,140.0,7.5,14,50,600,Bugday
13,Bitlis,2,Dogu Anadolu Bolgesi,750.0,12.0,140.0,7.5,15,50,400,Arpa
13,Bitlis,2,Dogu Anadolu Bolgesi,750.0,12.0,140.0,7.5,25,65,700,Fasulye
13,Bitlis,2,Dogu Anadolu Bolgesi,750.0,12.0,140.0,7.5,20,65,700,Elma
13,Bitlis,2,Dogu Anadolu Bolgesi,750.0,12.0,140.0,7.5,17,70,650,Patates
14,Bolu,6,Karadeniz Bolgesi,1000.0,8.0,175.0,6.0,25,60,800,Misir
14,Bolu,6,Karadeniz Bolgesi,1000.0,8.0,175.0,6.0,14,50,600,Bugday
14,Bolu,6,Karadeniz Bolgesi,1000.0,8.0,175.0,6.0,20,65,700,Elma
14,Bolu,6,Karadeniz Bolgesi,1000.0,8.0,175.0,6.0,25,65,700,Fasulye
14,Bolu,6,Karadeniz Bolgesi,1000.0,8.0,175.0,6.0,20,55,700,Kiraz
15,Burdur,1,Akdeniz Bolgesi,450.0,20.0,280.0,7.8,14,50,600,Bugday
15,Burdur,1,Akdeniz Bolgesi,450.0,20.0,280.0,7.8,15,50,400,Arpa
15,Burdur,1,Akdeniz Bolgesi,450.0,20.0,280.0,7.8,20,55,700,Kiraz
15,Burdur,1,Akdeniz Bolgesi,450.0,20.0,280.0,7.8,20,65,700,Elma
15,Burdur,1,Akdeniz Bolgesi,450.0,20.0,280.0,7.8,25,65,900,Domates
16,Bursa,7,Marmara Bolgesi,750.0,14.0,250.0,7.0,20,55,700,Kiraz
16,Bursa,7,Marmara Bolgesi,750.0,14.0,250.0,7.0,22,65,600,Zeytin
16,Bursa,7,Marmara Bolgesi,750.0,14.0,250.0,7.0,25,67,800,Seftali
16,Bursa,7,Marmara Bolgesi,750.0,14.0,250.0,7.0,25,60,800,Misir
16,Bursa,7,Marmara Bolgesi,750.0,14.0,250.0,7.0,20,70,700,Erik
17,Canakkale,7,Marmara Bolgesi,750.0,14.0,250.0,7.0,22,65,600,Zeytin
17,Canakkale,7,Marmara Bolgesi,750.0,14.0,250.0,7.0,25,67,800,Seftali
17,Canakkale,7,Marmara Bolgesi,750.0,14.0,250.0,7.0,25,60,800,Misir
17,Canakkale,7,Marmara Bolgesi,750.0,14.0,250.0,7.0,15,50,400,Arpa
17,Canakkale,7,Marmara Bolgesi,750.0,14.0,250.0,7.0,25,60,600,Uzum
18,Cankiri,5,Ic Anadolu Bolgesi,900.0,9.0,225.0,8.0,15,50,400,Arpa
18,Cankiri,5,Ic Anadolu Bolgesi,900.0,9.0,225.0,8.0,14,50,600,Bugday
18,Cankiri,5,Ic Anadolu Bolgesi,900.0,9.0,225.0,8.0,20,65,700,Elma
18,Cankiri,5,Ic Anadolu Bolgesi,900.0,9.0,225.0,8.0,17,70,650,Patates
18,Cankiri,5,Ic Anadolu Bolgesi,900.0,9.0,225.0,8.0,20,70,750,Pancar
19,Corum,6,Karadeniz Bolgesi,1000.0,8.0,175.0,6.0,14,50,600,Bugday
19,Corum,6,Karadeniz Bolgesi,1000.0,8.0,175.0,6.0,15,50,400,Arpa
19,Corum,6,Karadeniz Bolgesi,1000.0,8.0,175.0,6.0,20,70,750,Pancar
19,Corum,6,Karadeniz Bolgesi,1000.0,8.0,175.0,6.0,20,65,700,Elma
19,Corum,6,Karadeniz Bolgesi,1000.0,8.0,175.0,6.0,25,60,800,Misir
19,Corum,6,Karadeniz Bolgesi,1000.0,8.0,175.0,6.0,21,55,475,Nohut
20,Denizli,3,Ege Bolgesi,1100.0,6.0,220.0,7.6,27,60,900,Pamuk
20,Denizli,3,Ege Bolgesi,1100.0,6.0,220.0,7.6,27,65,600,Karpuz
20,Denizli,3,Ege Bolgesi,1100.0,6.0,220.0,7.6,11,70,700,Cavdar
20,Denizli,3,Ege Bolgesi,1100.0,6.0,220.0,7.6,20,65,700,Elma
20,Denizli,3,Ege Bolgesi,1100.0,6.0,220.0,7.6,25,67,800,Seftali
21,Diyarbakir,4,Guneydogu Anadolu Bolgesi,1150.0,15.0,300.0,7.7,27,60,900,Pamuk
21,Diyarbakir,4,Guneydogu Anadolu Bolgesi,1150.0,15.0,300.0,7.7,14,50,600,Bugday
21,Diyarbakir,4,Guneydogu Anadolu Bolgesi,1150.0,15.0,300.0,7.7,15,50,400,Arpa
21,Diyarbakir,4,Guneydogu Anadolu Bolgesi,1150.0,15.0,300.0,7.7,27,65,600,Karpuz
21,Diyarbakir,4,Guneydogu Anadolu Bolgesi,1150.0,15.0,300.0,7.7,25,60,800,Misir
22,Edirne,7,Marmara Bolgesi,750.0,14.0,250.0,7.0,14,50,600,Bugday
22,Edirne,7,Marmara Bolgesi,750.0,14.0,250.0,7.0,24,60,500,Aycicegi
22,Edirne,7,Marmara Bolgesi,750.0,14.0,250.0,7.0,25,80,1500,Pirinc
22,Edirne,7,Marmara Bolgesi,750.0,14.0,250.0,7.0,25,60,800,Misir
22,Edirne,7,Marmara Bolgesi,750.0,14.0,250.0,7.0,25,60,600,Uzum
23,Elazig,2,Dogu Anadolu Bolgesi,750.0,12.0,140.0,7.5,22,55,500,Kayisi
23,Elazig,2,Dogu Anadolu Bolgesi,750.0,12.0,140.0,7.5,25,60,600,Uzum
23,Elazig,2,Dogu Anadolu Bolgesi,750.0,12.0,140.0,7.5,15,50,400,Arpa
23,Elazig,2,Dogu Anadolu Bolgesi,750.0,12.0,140.0,7.5,14,50,600,Bugday
23,Elazig,2,Dogu Anadolu Bolgesi,750.0,12.0,140.0,7.5,20,60,700,Ceviz
24,Erzincan,2,Dogu Anadolu Bolgesi,750.0,12.0,140.0,7.5,25,60,600,Uzum
24,Erzincan,2,Dogu Anadolu Bolgesi,750.0,12.0,140.0,7.5,20,65,700,Elma
24,Erzincan,2,Dogu Anadolu Bolgesi,750.0,12.0,140.0,7.5,14,50,600,Bugday
24,Erzincan,2,Dogu Anadolu Bolgesi,750.0,12.0,140.0,7.5,15,50,400,Arpa
24,Erzincan,2,Dogu Anadolu Bolgesi,750.0,12.0,140.0,7.5,20,70,750,Pancar
25,Erzurum,2,Dogu Anadolu Bolgesi,750.0,12.0,140.0,7.5,15,50,400,Arpa
25,Erzurum,2,Dogu Anadolu Bolgesi,750.0,12.0,140.0,7.5,20,70,750,Pancar
25,Erzurum,2,Dogu Anadolu Bolgesi,750.0,12.0,140.0,7.5,14,50,600,Bugday
25,Erzurum,2,Dogu Anadolu Bolgesi,750.0,12.0,140.0,7.5,17,70,650,Patates
25,Erzurum,2,Dogu Anadolu Bolgesi,750.0,12.0,140.0,7.5,20,60,600,Yonca
26,Eskisehir,5,Ic Anadolu Bolgesi,900.0,9.0,225.0,8.0,15,50,400,Arpa
26,Eskisehir,5,Ic Anadolu Bolgesi,900.0,9.0,225.0,8.0,20,70,750,Pancar
26,Eskisehir,5,Ic Anadolu Bolgesi,900.0,9.0,225.0,8.0,14,50,600,Bugday
26,Eskisehir,5,Ic Anadolu Bolgesi,900.0,9.0,225.0,8.0,24,60,500,Aycicegi
26,Eskisehir,5,Ic Anadolu Bolgesi,900.0,9.0,225.0,8.0,21,55,475,Nohut
27,Gaziantep,4,Guneydogu Anadolu Bolgesi,1150.0,15.0,300.0,7.7,24,40,350,Antepfistigi
27,Gaziantep,4,Guneydogu Anadolu Bolgesi,1150.0,15.0,300.0,7.7,22,65,600,Zeytin
27,Gaziantep,4,Guneydogu Anadolu Bolgesi,1150.0,15.0,300.0,7.7,14,50,600,Bugday
27,Gaziantep,4,Guneydogu Anadolu Bolgesi,1150.0,15.0,300.0,7.7,15,50,400,Arpa
27,Gaziantep,4,Guneydogu Anadolu Bolgesi,1150.0,15.0,300.0,7.7,21,55,475,Nohut
28,Giresun,6,Karadeniz Bolgesi,1000.0,8.0,175.0,6.0,16,70,1250,Findik
28,Giresun,6,Karadeniz Bolgesi,1000.0,8.0,175.0,6.0,22,80,2000,Cay
28,Giresun,6,Karadeniz Bolgesi,1000.0,8.0,175.0,6.0,25,60,800,Misir
28,Giresun,6,Karadeniz Bolgesi,1000.0,8.0,175.0,6.0,20,65,700,Elma
28,Giresun,6,Karadeniz Bolgesi,1000.0,8.0,175.0,6.0,22,80,1750,Kivi
29,Gumushane,6,Karadeniz Bolgesi,1000.0,8.0,175.0,6.0,20,65,650,Armut
29,Gumushane,6,Karadeniz Bolgesi,1000.0,8.0,175.0,6.0,20,65,700,Elma
29,Gumushane,6,Karadeniz Bolgesi,1000.0,8.0,175.0,6.0,25,60,600,Uzum
29,Gumushane,6,Karadeniz Bolgesi,1000.0,8.0,175.0,6.0,20,60,700,Ceviz
29,Gumushane,6,Karadeniz Bolgesi,1000.0,8.0,175.0,6.0,25,67,800,Seftali
30,Hakkari,2,Dogu Anadolu Bolgesi,750.0,12.0,140.0,7.5,14,50,600,Bugday
30,Hakkari,2,Dogu Anadolu Bolgesi,750.0,12.0,140.0,7.5,15,50,400,Arpa
30,Hakkari,2,Dogu Anadolu Bolgesi,750.0,12.0,140.0,7.5,20,55,450,Mercimek
30,Hakkari,2,Dogu Anadolu Bolgesi,750.0,12.0,140.0,7.5,20,55,700,Kiraz
30,Hakkari,2,Dogu Anadolu Bolgesi,750.0,12.0,140.0,7.5,20,65,700,Elma
31,Hatay,1,Akdeniz Bolgesi,450.0,20.0,280.0,7.8,25,70,1100,Narenciye
31,Hatay,1,Akdeniz Bolgesi,450.0,20.0,280.0,7.8,22,65,600,Zeytin
31,Hatay,1,Akdeniz Bolgesi,450.0,20.0,280.0,7.8,27,60,900,Pamuk
31,Hatay,1,Akdeniz Bolgesi,450.0,20.0,280.0,7.8,25,65,900,Domates
31,Hatay,1,Akdeniz Bolgesi,450.0,20.0,280.0,7.8,24,70,900,Salatalik
31,Hatay,1,Akdeniz Bolgesi,450.0,20.0,280.0,7.8,20,55,700,Kiraz
31,Hatay,1,Akdeniz Bolgesi,450.0,20.0,280.0,7.8,24,70,850,Biber
32,Isparta,1,Akdeniz Bolgesi,450.0,20.0,280.0,7.8,20,55,600,Gul
32,Isparta,1,Akdeniz Bolgesi,450.0,20.0,280.0,7.8,20,55,700,Kiraz
32,Isparta,1,Akdeniz Bolgesi,450.0,20.0,280.0,7.8,20,65,700,Elma
32,Isparta,1,Akdeniz Bolgesi,450.0,20.0,280.0,7.8,25,67,800,Seftali
32,Isparta,1,Akdeniz Bolgesi,450.0,20.0,280.0,7.8,15,50,400,Arpa
33,Mersin,1,Akdeniz Bolgesi,450.0,20.0,280.0,7.8,27,75,1750,Muz
33,Mersin,1,Akdeniz Bolgesi,450.0,20.0,280.0,7.8,25,70,1100,Narenciye
33,Mersin,1,Akdeniz Bolgesi,450.0,20.0,280.0,7.8,22,65,600,Zeytin
33,Mersin,1,Akdeniz Bolgesi,450.0,20.0,280.0,7.8,27,60,900,Pamuk
33,Mersin,1,Akdeniz Bolgesi,450.0,20.0,280.0,7.8,25,65,900,Domates
34,Istanbul,7,Marmara Bolgesi,750.0,14.0,250.0,7.0,16,70,1250,Findik
34,Istanbul,7,Marmara Bolgesi,750.0,14.0,250.0,7.0,20,65,700,Elma
34,Istanbul,7,Marmara Bolgesi,750.0,14.0,250.0,7.0,25,65,900,Domates
34,Istanbul,7,Marmara Bolgesi,750.0,14.0,250.0,7.0,25,60,600,Uzum
35,Izmir,3,Ege Bolgesi,1100.0,6.0,220.0,7.6,22,65,600,Zeytin
35,Izmir,3,Ege Bolgesi,1100.0,6.0,220.0,7.6,25,60,600,Uzum
35,Izmir,3,Ege Bolgesi,1100.0,6.0,220.0,7.6,25,65,900,Domates
35,Izmir,3,Ege Bolgesi,1100.0,6.0,220.0,7.6,27,60,550,Incir
36,Kars,2,Dogu Anadolu Bolgesi,750.0,12.0,140.0,7.5,14,50,600,Bugday
36,Kars,2,Dogu Anadolu Bolgesi,750.0,12.0,140.0,7.5,15,50,400,Arpa
36,Kars,2,Dogu Anadolu Bolgesi,750.0,12.0,140.0,7.5,20,65,700,Elma
36,Kars,2,Dogu Anadolu Bolgesi,750.0,12.0,140.0,7.5,17,70,650,Patates
36,Kars,2,Dogu Anadolu Bolgesi,750.0,12.0,140.0,7.5,20,70,750,Pancar
37,Kastamonu,6,Karadeniz Bolgesi,1000.0,8.0,175.0,6.0,14,50,600,Bugday
37,Kastamonu,6,Karadeniz Bolgesi,1000.0,8.0,175.0,6.0,25,60,800,Misir
37,Kastamonu,6,Karadeniz Bolgesi,1000.0,8.0,175.0,6.0,20,65,700,Elma
37,Kastamonu,6,Karadeniz Bolgesi,1000.0,8.0,175.0,6.0,17,70,650,Patates
37,Kastamonu,6,Karadeniz Bolgesi,1000.0,8.0,175.0,6.0,16,70,1250,Findik
38,Kayseri,5,Ic Anadolu Bolgesi,900.0,9.0,225.0,8.0,18,60,500,Sogan
38,Kayseri,5,Ic Anadolu Bolgesi,900.0,9.0,225.0,8.0,17,70,650,Patates
38,Kayseri,5,Ic Anadolu Bolgesi,900.0,9.0,225.0,8.0,25,60,800,Misir
38,Kayseri,5,Ic Anadolu Bolgesi,900.0,9.0,225.0,8.0,22,55,500,Kayisi
38,Kayseri,5,Ic Anadolu Bolgesi,900.0,9.0,225.0,8.0,14,50,600,Bugday
39,Kirklareli,7,Marmara Bolgesi,750.0,14.0,250.0,7.0,25,60,800,Misir
39,Kirklareli,7,Marmara Bolgesi,750.0,14.0,250.0,7.0,24,60,500,Aycicegi
39,Kirklareli,7,Marmara Bolgesi,750.0,14.0,250.0,7.0,17,70,650,Patates
39,Kirklareli,7,Marmara Bolgesi,750.0,14.0,250.0,7.0,25,65,900,Domates
39,Kirklareli,7,Marmara Bolgesi,750.0,14.0,250.0,7.0,24,70,850,Biber
40,Kirsehir,5,Ic Anadolu Bolgesi,900.0,9.0,225.0,8.0,20,70,750,Pancar
40,Kirsehir,5,Ic Anadolu Bolgesi,900.0,9.0,225.0,8.0,17,70,650,Patates
40,Kirsehir,5,Ic Anadolu Bolgesi,900.0,9.0,225.0,8.0,14,50,600,Bugday
40,Kirsehir,5,Ic Anadolu Bolgesi,900.0,9.0,225.0,8.0,15,50,400,Arpa
41,Kocaeli,7,Marmara Bolgesi,750.0,14.0,250.0,7.0,17,80,1100,Findik
41,Kocaeli,7,Marmara Bolgesi,750.0,14.0,250.0,7.0,25,65,650,Misir
41,Kocaeli,7,Marmara Bolgesi,750.0,14.0,250.0,7.0,15,55,425,Bugday
41,Kocaeli,7,Marmara Bolgesi,750.0,14.0,250.0,7.0,25,65,750,Biber
42,Konya,5,Ic Anadolu Bolgesi,900.0,9.0,225.0,8.0,15,55,425,Bugday
42,Konya,5,Ic Anadolu Bolgesi,900.0,9.0,225.0,8.0,17,55,400,Arpa
42,Konya,5,Ic Anadolu Bolgesi,900.0,9.0,225.0,8.0,20,70,750,Pancar
42,Konya,5,Ic Anadolu Bolgesi,900.0,9.0,225.0,8.0,25,60,600,Aycicegi
42,Konya,5,Ic Anadolu Bolgesi,900.0,9.0,225.0,8.0,25,65,650,Misir
43,Kutahya,3,Ege Bolgesi,1100.0,6.0,220.0,7.6,15,55,425,Bugday
43,Kutahya,3,Ege Bolgesi,1100.0,6.0,220.0,7.6,20,72,650,Patates
43,Kutahya,3,Ege Bolgesi,1100.0,6.0,220.0,7.6,20,65,800,Kiraz
44,Malatya,2,Dogu Anadolu Bolgesi,750.0,12.0,140.0,7.5,27,65,550,Kayisi
44,Malatya,2,Dogu Anadolu Bolgesi,750.0,12.0,140.0,7.5,15,55,425,Bugday
44,Malatya,2,Dogu Anadolu Bolgesi,750.0,12.0,140.0,7.5,23,55,350,Mercimek
44,Malatya,2,Dogu Anadolu Bolgesi,750.0,12.0,140.0,7.5,30,65,500,Uzum
44,Malatya,2,Dogu Anadolu Bolgesi,750.0,12.0,140.0,7.5,20,70,750,Pancar
45,Manisa,3,Ege Bolgesi,1100.0,6.0,220.0,7.6,30,65,500,Uzum
45,Manisa,3,Ege Bolgesi,1100.0,6.0,220.0,7.6,20,65,575,Zeytin
45,Manisa,3,Ege Bolgesi,1100.0,6.0,220.0,7.6,20,55,750,Ceviz
45,Manisa,3,Ege Bolgesi,1100.0,6.0,220.0,7.6,30,55,700,Pamuk
45,Manisa,3,Ege Bolgesi,1100.0,6.0,220.0,7.6,25,70,800,Domates
46,Kahramanmaras,1,Akdeniz Bolgesi,450.0,20.0,280.0,7.8,26,55,400,Fistik
46,Kahramanmaras,1,Akdeniz Bolgesi,450.0,20.0,280.0,7.8,25,55,650,Pazi
46,Kahramanmaras,1,Akdeniz Bolgesi,450.0,20.0,280.0,7.8,30,55,700,Pamuk
47,Mardin,4,Guneydogu Anadolu Bolgesi,1150.0,15.0,300.0,7.7,15,55,425,Bugday
47,Mardin,4,Guneydogu Anadolu Bolgesi,1150.0,15.0,300.0,7.7,30,55,700,Pamuk
47,Mardin,4,Guneydogu Anadolu Bolgesi,1150.0,15.0,300.0,7.7,26,55,400,Fistik
47,Mardin,4,Guneydogu Anadolu Bolgesi,1150.0,15.0,300.0,7.7,27,60,500,Kavun
47,Mardin,4,Guneydogu Anadolu Bolgesi,1150.0,15.0,300.0,7.7,22,65,500,Nar
48,Mugla,3,Ege Bolgesi,1100.0,6.0,220.0,7.6,25,65,700,Borulce
48,Mugla,3,Ege Bolgesi,1100.0,6.0,220.0,7.6,20,70,500,Cilek
48,Mugla,3,Ege Bolgesi,1100.0,6.0,220.0,7.6,20,65,575,Zeytin
48,Mugla,3,Ege Bolgesi,1100.0,6.0,220.0,7.6,24,65,800,Narenciye
48,Mugla,3,Ege Bolgesi,1100.0,6.0,220.0,7.6,27,70,1750,Muz
49,Mus,2,Dogu Anadolu Bolgesi,750.0,12.0,140.0,7.5,15,55,425,Bugday
49,Mus,2,Dogu Anadolu Bolgesi,750.0,12.0,140.0,7.5,17,55,400,Arpa
49,Mus,2,Dogu Anadolu Bolgesi,750.0,12.0,140.0,7.5,20,70,750,Pancar
49,Mus,2,Dogu Anadolu Bolgesi,750.0,12.0,140.0,7.5,17,70,700,Elma
50,Nevsehir,5,Ic Anadolu Bolgesi,900.0,9.0,225.0,8.0,20,72,650,Patates
50,Nevsehir,5,Ic Anadolu Bolgesi,900.0,9.0,225.0,8.0,15,55,425,Bugday
50,Nevsehir,5,Ic Anadolu Bolgesi,900.0,9.0,225.0,8.0,20,60,500,Yulaf
50,Nevsehir,5,Ic Anadolu Bolgesi,900.0,9.0,225.0,8.0,18,65,500,Sogan
51,Nigde,5,Ic Anadolu Bolgesi,900.0,9.0,225.0,8.0,20,72,650,Patates
51,Nigde,5,Ic Anadolu Bolgesi,900.0,9.0,225.0,8.0,17,70,700,Elma
51,Nigde,5,Ic Anadolu Bolgesi,900.0,9.0,225.0,8.0,17,55,400,Arpa
51,Nigde,5,Ic Anadolu Bolgesi,900.0,9.0,225.0,8.0,25,60,500,Sarimsak
51,Nigde,5,Ic Anadolu Bolgesi,900.0,9.0,225.0,8.0,22,70,600,Fasulye
52,Ordu,6,Karadeniz Bolgesi,1000.0,8.0,175.0,6.0,17,80,1100,Findik
52,Ordu,6,Karadeniz Bolgesi,1000.0,8.0,175.0,6.0,22,82,1750,Cay
52,Ordu,6,Karadeniz Bolgesi,1000.0,8.0,175.0,6.0,22,80,1000,Kivi
52,Ordu,6,Karadeniz Bolgesi,1000.0,8.0,175.0,6.0,20,70,900,Kestane
52,Ordu,6,Karadeniz Bolgesi,1000.0,8.0,175.0,6.0,25,65,650,Misir
53,Rize,6,Karadeniz Bolgesi,1000.0,8.0,175.0,6.0,22,82,1750,Cay
53,Rize,6,Karadeniz Bolgesi,1000.0,8.0,175.0,6.0,17,80,1100,Findik
53,Rize,6,Karadeniz Bolgesi,1000.0,8.0,175.0,6.0,17,70,700,Elma
53,Rize,6,Karadeniz Bolgesi,1000.0,8.0,175.0,6.0,20,80,800,Lahana
53,Rize,6,Karadeniz Bolgesi,1000.0,8.0,175.0,6.0,25,65,650,Misir
54,Sakarya,7,Marmara Bolgesi,750.0,14.0,250.0,7.0,20,80,800,Lahana
54,Sakarya,7,Marmara Bolgesi,750.0,14.0,250.0,7.0,22,70,600,Fasulye
54,Sakarya,7,Marmara Bolgesi,750.0,14.0,250.0,7.0,25,70,800,Domates
54,Sakarya,7,Marmara Bolgesi,750.0,14.0,250.0,7.0,25,65,650,Misir
54,Sakarya,7,Marmara Bolgesi,750.0,14.0,250.0,7.0,17,70,700,Elma
55,Samsun,6,Karadeniz Bolgesi,1000.0,8.0,175.0,6.0,17,80,1100,Findik
55,Samsun,6,Karadeniz Bolgesi,1000.0,8.0,175.0,6.0,25,65,650,Misir
55,Samsun,6,Karadeniz Bolgesi,1000.0,8.0,175.0,6.0,15,55,425,Bugday
55,Samsun,6,Karadeniz Bolgesi,1000.0,8.0,175.0,6.0,20,70,750,Pancar
55,Samsun,6,Karadeniz Bolgesi,1000.0,8.0,175.0,6.0,20,80,800,Lahana
56,Siirt,4,Guneydogu Anadolu Bolgesi,1150.0,15.0,300.0,7.7,26,55,400,Fistik
56,Siirt,4,Guneydogu Anadolu Bolgesi,1150.0,15.0,300.0,7.7,22,65,500,Nar
56,Siirt,4,Guneydogu Anadolu Bolgesi,1150.0,15.0,300.0,7.7,20,55,750,Ceviz
56,Siirt,4,Guneydogu Anadolu Bolgesi,1150.0,15.0,300.0,7.7,23,55,350,Mercimek
56,Siirt,4,Guneydogu Anadolu Bolgesi,1150.0,15.0,300.0,7.7,30,55,700,Pamuk
57,Sinop,6,Karadeniz Bolgesi,1000.0,8.0,175.0,6.0,17,80,1100,Findik
57,Sinop,6,Karadeniz Bolgesi,1000.0,8.0,175.0,6.0,25,65,650,Misir
57,Sinop,6,Karadeniz Bolgesi,1000.0,8.0,175.0,6.0,15,55,425,Bugday
57,Sinop,6,Karadeniz Bolgesi,1000.0,8.0,175.0,6.0,20,70,750,Pancar
57,Sinop,6,Karadeniz Bolgesi,1000.0,8.0,175.0,6.0,20,80,800,Lahana
58,Sivas,5,Ic Anadolu Bolgesi,900.0,9.0,225.0,8.0,15,55,425,Bugday
58,Sivas,5,Ic Anadolu Bolgesi,900.0,9.0,225.0,8.0,17,55,400,Arpa
58,Sivas,5,Ic Anadolu Bolgesi,900.0,9.0,225.0,8.0,20,70,750,Pancar
58,Sivas,5,Ic Anadolu Bolgesi,900.0,9.0,225.0,8.0,22,70,600,Fasulye
58,Sivas,5,Ic Anadolu Bolgesi,900.0,9.0,225.0,8.0,20,72,650,Patates
59,Tekirdag,7,Marmara Bolgesi,750.0,14.0,250.0,7.0,15,55,425,Bugday
59,Tekirdag,7,Marmara Bolgesi,750.0,14.0,250.0,7.0,25,60,600,Aycicegi
59,Tekirdag,7,Marmara Bolgesi,750.0,14.0,250.0,7.0,18,65,500,Sogan
59,Tekirdag,7,Marmara Bolgesi,750.0,14.0,250.0,7.0,27,65,500,Karpuz
59,Tekirdag,7,Marmara Bolgesi,750.0,14.0,250.0,7.0,20,65,800,Kiraz
60,Tokat,6,Karadeniz Bolgesi,1000.0,8.0,175.0,6.0,24,73,650,Tutun
60,Tokat,6,Karadeniz Bolgesi,1000.0,8.0,175.0,6.0,17,70,700,Elma
60,Tokat,6,Karadeniz Bolgesi,1000.0,8.0,175.0,6.0,17,80,1100,Findik
60,Tokat,6,Karadeniz Bolgesi,1000.0,8.0,175.0,6.0,25,70,800,Domates
60,Tokat,6,Karadeniz Bolgesi,1000.0,8.0,175.0,6.0,20,70,750,Pancar
61,Trabzon,6,Karadeniz Bolgesi,1000.0,8.0,175.0,6.0,22,82,1750,Cay
61,Trabzon,6,Karadeniz Bolgesi,1000.0,8.0,175.0,6.0,17,80,1100,Findik
61,Trabzon,6,Karadeniz Bolgesi,1000.0,8.0,175.0,6.0,22,70,600,Fasulye
61,Trabzon,6,Karadeniz Bolgesi,1000.0,8.0,175.0,6.0,20,80,800,Lahana
61,Trabzon,6,Karadeniz Bolgesi,1000.0,8.0,175.0,6.0,25,65,650,Misir
62,Tunceli,2,Dogu Anadolu Bolgesi,750.0,12.0,140.0,7.5,15,55,425,Bugday
62,Tunceli,2,Dogu Anadolu Bolgesi,750.0,12.0,140.0,7.5,17,55,400,Arpa
62,Tunceli,2,Dogu Anadolu Bolgesi,750.0,12.0,140.0,7.5,20,72,650,Patates
62,Tunceli,2,Dogu Anadolu Bolgesi,750.0,12.0,140.0,7.5,22,70,600,Fasulye
62,Tunceli,2,Dogu Anadolu Bolgesi,750.0,12.0,140.0,7.5,17,70,700,Elma
63,Sanliurfa,4,Guneydogu Anadolu Bolgesi,1150.0,15.0,300.0,7.7,15,55,425,Bugday
63,Sanliurfa,4,Guneydogu Anadolu Bolgesi,1150.0,15.0,300.0,7.7,30,55,700,Pamuk
63,Sanliurfa,4,Guneydogu Anadolu Bolgesi,1150.0,15.0,300.0,7.7,23,55,350,Mercimek
63,Sanliurfa,4,Guneydogu Anadolu Bolgesi,1150.0,15.0,300.0,7.7,26,55,400,Fistik
63,Sanliurfa,4,Guneydogu Anadolu Bolgesi,1150.0,15.0,300.0,7.7,27,70,700,Patlican
64,Usak,3,Ege Bolgesi,1100.0,6.0,220.0,7.6,30,55,700,Pamuk
64,Usak,3,Ege Bolgesi,1100.0,6.0,220.0,7.6,15,55,425,Bugday
64,Usak,3,Ege Bolgesi,1100.0,6.0,220.0,7.6,25,65,650,Misir
64,Usak,3,Ege Bolgesi,1100.0,6.0,220.0,7.6,20,70,750,Pancar
64,Usak,3,Ege Bolgesi,1100.0,6.0,220.0,7.6,30,65,500,Uzum
65,Van,2,Dogu Anadolu Bolgesi,750.0,12.0,140.0,7.5,17,55,400,Arpa
65,Van,2,Dogu Anadolu Bolgesi,750.0,12.0,140.0,7.5,15,55,425,Bugday
65,Van,2,Dogu Anadolu Bolgesi,750.0,12.0,140.0,7.5,16,70,650,Cavdar
65,Van,2,Dogu Anadolu Bolgesi,750.0,12.0,140.0,7.5,21,70,700,Armut
65,Van,2,Dogu Anadolu Bolgesi,750.0,12.0,140.0,7.5,22,70,600,Fasulye
66,Yozgat,5,Ic Anadolu Bolgesi,900.0,9.0,225.0,8.0,15,55,425,Bugday
66,Yozgat,5,Ic Anadolu Bolgesi,900.0,9.0,225.0,8.0,17,55,400,Arpa
66,Yozgat,5,Ic Anadolu Bolgesi,900.0,9.0,225.0,8.0,24,73,650,Tutun
66,Yozgat,5,Ic Anadolu Bolgesi,900.0,9.0,225.0,8.0,20,72,650,Patates
66,Yozgat,5,Ic Anadolu Bolgesi,900.0,9.0,225.0,8.0,17,70,700,Elma
67,Zonguldak,6,Karadeniz Bolgesi,1000.0,8.0,175.0,6.0,17,80,1100,Findik
67,Zonguldak,6,Karadeniz Bolgesi,1000.0,8.0,175.0,6.0,25,65,650,Misir
67,Zonguldak,6,Karadeniz Bolgesi,1000.0,8.0,175.0,6.0,20,72,650,Patates
67,Zonguldak,6,Karadeniz Bolgesi,1000.0,8.0,175.0,6.0,17,70,700,Elma
67,Zonguldak,6,Karadeniz Bolgesi,1000.0,8.0,175.0,6.0,25,70,700,Balkabagi
68,Aksaray,5,Ic Anadolu Bolgesi,900.0,9.0,225.0,8.0,15,55,425,Bugday
68,Aksaray,5,Ic Anadolu Bolgesi,900.0,9.0,225.0,8.0,17,55,400,Arpa
68,Aksaray,5,Ic Anadolu Bolgesi,900.0,9.0,225.0,8.0,20,70,750,Pancar
68,Aksaray,5,Ic Anadolu Bolgesi,900.0,9.0,225.0,8.0,20,72,650,Patates
68,Aksaray,5,Ic Anadolu Bolgesi,900.0,9.0,225.0,8.0,25,65,750,Biber
69,Bayburt,6,Karadeniz Bolgesi,1000.0,8.0,175.0,6.0,15,55,425,Bugday
69,Bayburt,6,Karadeniz Bolgesi,1000.0,8.0,175.0,6.0,17,55,400,Arpa
69,Bayburt,6,Karadeniz Bolgesi,1000.0,8.0,175.0,6.0,20,72,650,Patates
69,Bayburt,6,Karadeniz Bolgesi,1000.0,8.0,175.0,6.0,22,70,600,Fasulye
69,Bayburt,6,Karadeniz Bolgesi,1000.0,8.0,175.0,6.0,27,65,550,Kayisi
70,Karaman,5,Ic Anadolu Bolgesi,900.0,9.0,225.0,8.0,15,55,425,Bugday
70,Karaman,5,Ic Anadolu Bolgesi,900.0,9.0,225.0,8.0,17,55,400,Arpa
70,Karaman,5,Ic Anadolu Bolgesi,900.0,9.0,225.0,8.0,20,72,650,Patates
70,Karaman,5,Ic Anadolu Bolgesi,900.0,9.0,225.0,8.0,20,70,750,Pancar
70,Karaman,5,Ic Anadolu Bolgesi,900.0,9.0,225.0,8.0,25,65,750,Biber
71,Kirikkale,5,Ic Anadolu Bolgesi,900.0,9.0,225.0,8.0,15,55,425,Bugday
71,Kirikkale,5,Ic Anadolu Bolgesi,900.0,9.0,225.0,8.0,17,55,400,Arpa
71,Kirikkale,5,Ic Anadolu Bolgesi,900.0,9.0,225.0,8.0,20,70,750,Pancar
71,Kirikkale,5,Ic Anadolu Bolgesi,900.0,9.0,225.0,8.0,25,60,600,Aycicegi
71,Kirikkale,5,Ic Anadolu Bolgesi,900.0,9.0,225.0,8.0,17,70,700,Elma
72,Batman,4,Guneydogu Anadolu Bolgesi,1150.0,15.0,300.0,7.7,15,55,425,Bugday
72,Batman,4,Guneydogu Anadolu Bolgesi,1150.0,15.0,300.0,7.7,30,55,700,Pamuk
72,Batman,4,Guneydogu Anadolu Bolgesi,1150.0,15.0,300.0,7.7,25,65,650,Misir
72,Batman,4,Guneydogu Anadolu Bolgesi,1150.0,15.0,300.0,7.7,26,55,400,Fistik
72,Batman,4,Guneydogu Anadolu Bolgesi,1150.0,15.0,300.0,7.7,20,65,575,Zeytin
73,Sirnak,4,Guneydogu Anadolu Bolgesi,1150.0,15.0,300.0,7.7,15,55,425,Bugday
73,Sirnak,4,Guneydogu Anadolu Bolgesi,1150.0,15.0,300.0,7.7,30,55,700,Pamuk
73,Sirnak,4,Guneydogu Anadolu Bolgesi,1150.0,15.0,300.0,7.7,25,65,650,Misir
73,Sirnak,4,Guneydogu Anadolu Bolgesi,1150.0,15.0,300.0,7.7,26,55,400,Fistik
73,Sirnak,4,Guneydogu Anadolu Bolgesi,1150.0,15.0,300.0,7.7,30,65,500,Uzum
74,Bartin,6,Karadeniz Bolgesi,1000.0,8.0,175.0,6.0,18,65,500,Sogan
74,Bartin,6,Karadeniz Bolgesi,1000.0,8.0,175.0,6.0,25,70,800,Domates
74,Bartin,6,Karadeniz Bolgesi,1000.0,8.0,175.0,6.0,27,70,700,Patlican
74,Bartin,6,Karadeniz Bolgesi,1000.0,8.0,175.0,6.0,17,70,700,Marul
74,Bartin,6,Karadeniz Bolgesi,1000.0,8.0,175.0,6.0,15,65,700,Bezelye
75,Ardahan,2,Dogu Anadolu Bolgesi,750.0,12.0,140.0,7.5,15,55,425,Bugday
75,Ardahan,2,Dogu Anadolu Bolgesi,750.0,12.0,140.0,7.5,16,70,650,Cavdar
75,Ardahan,2,Dogu Anadolu Bolgesi,750.0,12.0,140.0,7.5,20,70,700,Erik
75,Ardahan,2,Dogu Anadolu Bolgesi,750.0,12.0,140.0,7.5,17,55,400,Arpa
75,Ardahan,2,Dogu Anadolu Bolgesi,750.0,12.0,140.0,7.5,20,72,650,Patates
76,Igdir,2,Dogu Anadolu Bolgesi,750.0,12.0,140.0,7.5,30,55,700,Pamuk
76,Igdir,2,Dogu Anadolu Bolgesi,750.0,12.0,140.0,7.5,15,55,425,Bugday
76,Igdir,2,Dogu Anadolu Bolgesi,750.0,12.0,140.0,7.5,25,65,650,Misir
76,Igdir,2,Dogu Anadolu Bolgesi,750.0,12.0,140.0,7.5,20,70,500,Cilek
76,Igdir,2,Dogu Anadolu Bolgesi,750.0,12.0,140.0,7.5,20,70,750,Pancar
77,Yalova,7,Marmara Bolgesi,750.0,14.0,250.0,7.0,20,70,500,Cilek
77,Yalova,7,Marmara Bolgesi,750.0,14.0,250.0,7.0,20,65,800,Kiraz
77,Yalova,7,Marmara Bolgesi,750.0,14.0,250.0,7.0,25,75,1250,Limon
77,Yalova,7,Marmara Bolgesi,750.0,14.0,250.0,7.0,22,80,1000,Kivi
77,Yalova,7,Marmara Bolgesi,750.0,14.0,250.0,7.0,27,65,700,Bamya
78,Karabuk,6,Karadeniz Bolgesi,1000.0,8.0,175.0,6.0,17,80,1100,Findik
78,Karabuk,6,Karadeniz Bolgesi,1000.0,8.0,175.0,6.0,15,55,425,Bugday
78,Karabuk,6,Karadeniz Bolgesi,1000.0,8.0,175.0,6.0,17,70,700,Elma
78,Karabuk,6,Karadeniz Bolgesi,1000.0,8.0,175.0,6.0,25,65,650,Misir
78,Karabuk,6,Karadeniz Bolgesi,1000.0,8.0,175.0,6.0,20,72,650,Patates
79,Kilis,4,Guneydogu Anadolu Bolgesi,1150.0,15.0,300.0,7.7,20,65,575,Zeytin
79,Kilis,4,Guneydogu Anadolu Bolgesi,1150.0,15.0,300.0,7.7,26,55,400,Fistik
79,Kilis,4,Guneydogu Anadolu Bolgesi,1150.0,15.0,300.0,7.7,30,55,700,Pamuk
79,Kilis,4,Guneydogu Anadolu Bolgesi,1150.0,15.0,300.0,7.7,15,55,425,Bugday
79,Kilis,4,Guneydogu Anadolu Bolgesi,1150.0,15.0,300.0,7.7,25,65,650,Misir
80,Osmaniye,1,Akdeniz Bolgesi,450.0,20.0,280.0,7.8,26,55,400,Fistik
80,Osmaniye,1,Akdeniz Bolgesi,450.0,20.0,280.0,7.8,30,55,700,Pamuk
80,Osmaniye,1,Akdeniz Bolgesi,450.0,20.0,280.0,7.8,24,65,800,Narenciye
80,Osmaniye,1,Akdeniz Bolgesi,450.0,20.0,280.0,7.8,20,65,575,Zeytin
80,Osmaniye,1,Akdeniz Bolgesi,450.0,20.0,280.0,7.8,30,65,500,Uzum
81,Duzce,6,Karadeniz Bolgesi,1000.0,8.0,175.0,6.0,17,80,1100,Findik
81,Duzce,6,Karadeniz Bolgesi,1000.0,8.0,175.0,6.0,15,55,425,Bugday
81,Duzce,6,Karadeniz Bolgesi,1000.0,8.0,175.0,6.0,21,70,700,Armut
81,Duzce,6,Karadeniz Bolgesi,1000.0,8.0,175.0,6.0,20,65,800,Kiraz
81,Duzce,6,Karadeniz Bolgesi,1000.0,8.0,175.0,6.0,25,65,750,Biber
